state_id,total_revenue,state_name
CA,85967359.03006752,California
TX,55120642.02996853,Texas
WI,50489544.97995422,Wisconsin
